labels,a.7jvr-i.6luq
"x2ee, x3ee, x4ee",0.36
"x2ee, x3ee, xEL2",8.28
"x2ee, x3ee, x5ee",11.66
"x2ee, x3ee, x6ee",7.53
"x2ee, x3ee, x7ee",2.89
"x2ee, x4ee, xEL2",11.44
"x2ee, x4ee, x5ee",8.14
"x2ee, x4ee, x6ee",8.33
"x2ee, x4ee, x7ee",-0.21
"x2ee, xEL2, x5ee",-4.44
"x2ee, xEL2, x6ee",-7.88
"x2ee, xEL2, x7ee",-8.61
"x2ee, x5ee, x6ee",30.44
"x2ee, x5ee, x7ee",9.78
"x2ee, x6ee, x7ee",-13.41
"x3ee, x4ee, xEL2",7.03
"x3ee, x4ee, x5ee",-1.64
"x3ee, x4ee, x6ee",2.92
"x3ee, x4ee, x7ee",-2.57
"x3ee, xEL2, x5ee",18.19
"x3ee, xEL2, x6ee",-5.67
"x3ee, xEL2, x7ee",-3.18
"x3ee, x5ee, x6ee",32.88
"x3ee, x5ee, x7ee",18.09
"x3ee, x6ee, x7ee",-8.72
"x4ee, xEL2, x5ee",11.89
"x4ee, xEL2, x6ee",4.37
"x4ee, xEL2, x7ee",-2.86
"x4ee, x5ee, x6ee",25.21
"x4ee, x5ee, x7ee",18.12
"x4ee, x6ee, x7ee",-4.98
"xEL2, x5ee, x6ee",19.07
"xEL2, x5ee, x7ee",1.18
"xEL2, x6ee, x7ee",-12.62
"x5ee, x6ee, x7ee",7.86
