labels,i.7um4
"x2ee, x3ee, x4ee",67.22
"x2ee, x3ee, xEL2",51.08
"x2ee, x3ee, x5ee",101.53
"x2ee, x3ee, x6ee",121.86
"x2ee, x3ee, x7ee",60.91
"x2ee, x4ee, xEL2",46.57
"x2ee, x4ee, x5ee",114.68
"x2ee, x4ee, x6ee",217.57
"x2ee, x4ee, x7ee",135.53
"x2ee, xEL2, x5ee",26.00
"x2ee, xEL2, x6ee",86.34
"x2ee, xEL2, x7ee",64.81
"x2ee, x5ee, x6ee",125.16
"x2ee, x5ee, x7ee",102.53
"x2ee, x6ee, x7ee",53.50
"x3ee, x4ee, xEL2",58.99
"x3ee, x4ee, x5ee",79.92
"x3ee, x4ee, x6ee",161.38
"x3ee, x4ee, x7ee",141.30
"x3ee, xEL2, x5ee",29.30
"x3ee, xEL2, x6ee",19.97
"x3ee, xEL2, x7ee",55.03
"x3ee, x5ee, x6ee",106.15
"x3ee, x5ee, x7ee",143.13
"x3ee, x6ee, x7ee",114.34
"x4ee, xEL2, x5ee",49.99
"x4ee, xEL2, x6ee",85.35
"x4ee, xEL2, x7ee",30.13
"x4ee, x5ee, x6ee",30.35
"x4ee, x5ee, x7ee",81.77
"x4ee, x6ee, x7ee",135.40
"xEL2, x5ee, x6ee",57.86
"xEL2, x5ee, x7ee",60.34
"xEL2, x6ee, x7ee",74.02
"x5ee, x6ee, x7ee",74.06
