labels,a.6oij,i.5cxv,i.6wjc,a.6oij-i.5cxv,a.6oij-i.6wjc
"x2ee, x3ee, x4ee, x5ee",256.30,262.42,267.15,-6.12,-10.85
"x2ee, x3ee, x4ee, x6ee",303.02,335.73,340.37,-32.71,-37.35
"x2ee, x3ee, x4ee, x7ee",241.78,232.40,239.86,9.38,1.92
"x2ee, x3ee, x5ee, x6ee",294.14,276.76,276.35,17.37,17.79
"x2ee, x3ee, x5ee, x7ee",320.06,279.06,287.92,41.00,32.14
"x2ee, x3ee, x6ee, x7ee",258.67,256.10,261.02,2.58,-2.34
"x2ee, x4ee, x5ee, x6ee",282.49,291.62,308.47,-9.13,-25.98
"x2ee, x4ee, x5ee, x7ee",307.53,293.62,318.37,13.91,-10.84
"x2ee, x4ee, x6ee, x7ee",294.80,319.42,340.33,-24.62,-45.52
"x2ee, x5ee, x6ee, x7ee",190.98,173.86,193.04,17.12,-2.06
"x3ee, x4ee, x5ee, x6ee",186.84,181.52,202.08,5.32,-15.24
"x3ee, x4ee, x5ee, x7ee",288.74,277.87,301.92,10.87,-13.18
"x3ee, x4ee, x6ee, x7ee",275.10,304.59,325.22,-29.49,-50.12
"x3ee, x5ee, x6ee, x7ee",266.82,245.75,261.41,21.07,5.41
"x4ee, x5ee, x6ee, x7ee",203.88,204.36,224.42,-0.48,-20.54
