labels,a.6wha
"x2ee, x3ee, x4ee",89.99
"x2ee, x3ee, xEL2",88.87
"x2ee, x3ee, x5ee",142.30
"x2ee, x3ee, x6ee",162.73
"x2ee, x3ee, x7ee",103.46
"x2ee, x4ee, xEL2",75.64
"x2ee, x4ee, x5ee",146.32
"x2ee, x4ee, x6ee",222.38
"x2ee, x4ee, x7ee",169.43
"x2ee, xEL2, x5ee",36.80
"x2ee, xEL2, x6ee",111.88
"x2ee, xEL2, x7ee",107.71
"x2ee, x5ee, x6ee",112.30
"x2ee, x5ee, x7ee",130.28
"x2ee, x6ee, x7ee",69.61
"x3ee, x4ee, xEL2",60.20
"x3ee, x4ee, x5ee",87.73
"x3ee, x4ee, x6ee",147.81
"x3ee, x4ee, x7ee",154.88
"x3ee, xEL2, x5ee",18.63
"x3ee, xEL2, x6ee",44.17
"x3ee, xEL2, x7ee",93.98
"x3ee, x5ee, x6ee",92.52
"x3ee, x5ee, x7ee",169.11
"x3ee, x6ee, x7ee",128.87
"x4ee, xEL2, x5ee",37.65
"x4ee, xEL2, x6ee",43.44
"x4ee, xEL2, x7ee",34.83
"x4ee, x5ee, x6ee",37.24
"x4ee, x5ee, x7ee",107.89
"x4ee, x6ee, x7ee",121.83
"xEL2, x5ee, x6ee",37.05
"xEL2, x5ee, x7ee",59.36
"xEL2, x6ee, x7ee",72.98
"x5ee, x6ee, x7ee",51.00
