labels,a.7jvr-i.6cm4
"x2ee, x3ee, x4ee",-6.19
"x2ee, x3ee, xEL2",11.61
"x2ee, x3ee, x5ee",8.28
"x2ee, x3ee, x6ee",-2.16
"x2ee, x3ee, x7ee",-6.27
"x2ee, x4ee, xEL2",0.73
"x2ee, x4ee, x5ee",-2.03
"x2ee, x4ee, x6ee",-3.77
"x2ee, x4ee, x7ee",-6.84
"x2ee, xEL2, x5ee",-12.91
"x2ee, xEL2, x6ee",2.08
"x2ee, xEL2, x7ee",-3.03
"x2ee, x5ee, x6ee",34.50
"x2ee, x5ee, x7ee",15.94
"x2ee, x6ee, x7ee",-9.95
"x3ee, x4ee, xEL2",7.86
"x3ee, x4ee, x5ee",-2.39
"x3ee, x4ee, x6ee",6.85
"x3ee, x4ee, x7ee",1.41
"x3ee, xEL2, x5ee",12.34
"x3ee, xEL2, x6ee",14.15
"x3ee, xEL2, x7ee",15.25
"x3ee, x5ee, x6ee",40.36
"x3ee, x5ee, x7ee",28.85
"x3ee, x6ee, x7ee",-6.97
"x4ee, xEL2, x5ee",1.67
"x4ee, xEL2, x6ee",-16.29
"x4ee, xEL2, x7ee",-16.76
"x4ee, x5ee, x6ee",28.30
"x4ee, x5ee, x7ee",20.76
"x4ee, x6ee, x7ee",-6.16
"xEL2, x5ee, x6ee",14.12
"xEL2, x5ee, x7ee",-0.21
"xEL2, x6ee, x7ee",-5.15
"x5ee, x6ee, x7ee",10.38
