labels,a.7cmu-i.3pbl
"x2ee, x3ee, x4ee",1.30
"x2ee, x3ee, xEL2",0.88
"x2ee, x3ee, x5ee",1.16
"x2ee, x3ee, x6ee",4.58
"x2ee, x3ee, x7ee",4.10
"x2ee, x4ee, xEL2",6.98
"x2ee, x4ee, x5ee",7.13
"x2ee, x4ee, x6ee",11.60
"x2ee, x4ee, x7ee",7.49
"x2ee, xEL2, x5ee",2.40
"x2ee, xEL2, x6ee",-0.43
"x2ee, xEL2, x7ee",-1.04
"x2ee, x5ee, x6ee",-0.60
"x2ee, x5ee, x7ee",-1.11
"x2ee, x6ee, x7ee",-3.46
"x3ee, x4ee, xEL2",3.98
"x3ee, x4ee, x5ee",5.70
"x3ee, x4ee, x6ee",6.72
"x3ee, x4ee, x7ee",3.10
"x3ee, xEL2, x5ee",1.83
"x3ee, xEL2, x6ee",-5.79
"x3ee, xEL2, x7ee",-4.26
"x3ee, x5ee, x6ee",-4.09
"x3ee, x5ee, x7ee",-4.37
"x3ee, x6ee, x7ee",-3.02
"x4ee, xEL2, x5ee",3.58
"x4ee, xEL2, x6ee",7.44
"x4ee, xEL2, x7ee",0.92
"x4ee, x5ee, x6ee",-5.32
"x4ee, x5ee, x7ee",-1.48
"x4ee, x6ee, x7ee",-0.12
"xEL2, x5ee, x6ee",-0.13
"xEL2, x5ee, x7ee",-1.00
"xEL2, x6ee, x7ee",-2.05
"x5ee, x6ee, x7ee",-3.68
