labels,a.6oik-i.5zkc
"x2ee, x3ee, x4ee",9.21
"x2ee, x3ee, xEL2",4.89
"x2ee, x3ee, x5ee",5.29
"x2ee, x3ee, x6ee",-10.61
"x2ee, x3ee, x7ee",-2.26
"x2ee, x4ee, xEL2",8.40
"x2ee, x4ee, x5ee",-19.71
"x2ee, x4ee, x6ee",-32.39
"x2ee, x4ee, x7ee",-7.42
"x2ee, xEL2, x5ee",12.43
"x2ee, xEL2, x6ee",-45.40
"x2ee, xEL2, x7ee",-14.69
"x2ee, x5ee, x6ee",3.93
"x2ee, x5ee, x7ee",7.02
"x2ee, x6ee, x7ee",2.08
"x3ee, x4ee, xEL2",10.29
"x3ee, x4ee, x5ee",-15.42
"x3ee, x4ee, x6ee",-14.29
"x3ee, x4ee, x7ee",3.60
"x3ee, xEL2, x5ee",28.36
"x3ee, xEL2, x6ee",-29.87
"x3ee, xEL2, x7ee",-7.63
"x3ee, x5ee, x6ee",15.59
"x3ee, x5ee, x7ee",13.99
"x3ee, x6ee, x7ee",-6.38
"x4ee, xEL2, x5ee",13.07
"x4ee, xEL2, x6ee",-5.18
"x4ee, xEL2, x7ee",1.07
"x4ee, x5ee, x6ee",14.15
"x4ee, x5ee, x7ee",-5.29
"x4ee, x6ee, x7ee",-23.15
"xEL2, x5ee, x6ee",2.34
"xEL2, x5ee, x7ee",4.43
"xEL2, x6ee, x7ee",-28.64
"x5ee, x6ee, x7ee",-1.04
