labels,a.7w6p
"x2ee, x3ee, x4ee",111.17
"x2ee, x3ee, xEL2",72.53
"x2ee, x3ee, x5ee",134.56
"x2ee, x3ee, x6ee",151.39
"x2ee, x3ee, x7ee",75.12
"x2ee, x4ee, xEL2",55.43
"x2ee, x4ee, x5ee",90.85
"x2ee, x4ee, x6ee",200.22
"x2ee, x4ee, x7ee",148.37
"x2ee, xEL2, x5ee",10.29
"x2ee, xEL2, x6ee",55.97
"x2ee, xEL2, x7ee",59.74
"x2ee, x5ee, x6ee",120.60
"x2ee, x5ee, x7ee",120.42
"x2ee, x6ee, x7ee",71.38
"x3ee, x4ee, xEL2",93.65
"x3ee, x4ee, x5ee",66.85
"x3ee, x4ee, x6ee",160.44
"x3ee, x4ee, x7ee",184.44
"x3ee, xEL2, x5ee",71.35
"x3ee, xEL2, x6ee",32.45
"x3ee, xEL2, x7ee",57.16
"x3ee, x5ee, x6ee",104.43
"x3ee, x5ee, x7ee",179.89
"x3ee, x6ee, x7ee",147.98
"x4ee, xEL2, x5ee",43.75
"x4ee, xEL2, x6ee",89.52
"x4ee, xEL2, x7ee",34.56
"x4ee, x5ee, x6ee",11.40
"x4ee, x5ee, x7ee",64.27
"x4ee, x6ee, x7ee",123.67
"xEL2, x5ee, x6ee",57.07
"xEL2, x5ee, x7ee",51.50
"xEL2, x6ee, x7ee",64.40
"x5ee, x6ee, x7ee",70.79
