labels,a.7eja-i.6kux
"x2ee, x3ee, x4ee",-13.84
"x2ee, x3ee, xEL2",-7.35
"x2ee, x3ee, x5ee",-3.40
"x2ee, x3ee, x6ee",-5.18
"x2ee, x3ee, x7ee",3.94
"x2ee, x4ee, xEL2",-6.19
"x2ee, x4ee, x5ee",-19.11
"x2ee, x4ee, x6ee",-31.40
"x2ee, x4ee, x7ee",0.64
"x2ee, xEL2, x5ee",-10.49
"x2ee, xEL2, x6ee",-17.16
"x2ee, xEL2, x7ee",1.84
"x2ee, x5ee, x6ee",9.21
"x2ee, x5ee, x7ee",36.13
"x2ee, x6ee, x7ee",25.97
"x3ee, x4ee, xEL2",-12.63
"x3ee, x4ee, x5ee",-29.49
"x3ee, x4ee, x6ee",-38.80
"x3ee, x4ee, x7ee",-16.45
"x3ee, xEL2, x5ee",18.54
"x3ee, xEL2, x6ee",-0.76
"x3ee, xEL2, x7ee",-7.68
"x3ee, x5ee, x6ee",11.45
"x3ee, x5ee, x7ee",29.45
"x3ee, x6ee, x7ee",17.28
"x4ee, xEL2, x5ee",1.68
"x4ee, xEL2, x6ee",-5.30
"x4ee, xEL2, x7ee",7.06
"x4ee, x5ee, x6ee",9.32
"x4ee, x5ee, x7ee",16.18
"x4ee, x6ee, x7ee",-4.61
"xEL2, x5ee, x6ee",14.64
"xEL2, x5ee, x7ee",20.73
"xEL2, x6ee, x7ee",7.76
"x5ee, x6ee, x7ee",3.10
