labels,a.8dpf-i.6bqh
"x2ee, x3ee, x4ee",-63.32
"x2ee, x3ee, xEL2",-49.17
"x2ee, x3ee, x5ee",-70.68
"x2ee, x3ee, x6ee",-67.75
"x2ee, x3ee, x7ee",-25.25
"x2ee, x4ee, xEL2",14.61
"x2ee, x4ee, x5ee",7.12
"x2ee, x4ee, x6ee",-0.94
"x2ee, x4ee, x7ee",18.25
"x2ee, xEL2, x5ee",3.01
"x2ee, xEL2, x6ee",-16.87
"x2ee, xEL2, x7ee",5.91
"x2ee, x5ee, x6ee",-34.30
"x2ee, x5ee, x7ee",-3.64
"x2ee, x6ee, x7ee",10.86
"x3ee, x4ee, xEL2",-4.67
"x3ee, x4ee, x5ee",5.19
"x3ee, x4ee, x6ee",-14.07
"x3ee, x4ee, x7ee",-31.53
"x3ee, xEL2, x5ee",-26.67
"x3ee, xEL2, x6ee",-12.57
"x3ee, xEL2, x7ee",-23.75
"x3ee, x5ee, x6ee",-40.05
"x3ee, x5ee, x7ee",-49.67
"x3ee, x6ee, x7ee",-27.32
"x4ee, xEL2, x5ee",-4.00
"x4ee, xEL2, x6ee",1.37
"x4ee, xEL2, x7ee",4.10
"x4ee, x5ee, x6ee",-27.47
"x4ee, x5ee, x7ee",-14.77
"x4ee, x6ee, x7ee",-7.48
"xEL2, x5ee, x6ee",-17.96
"xEL2, x5ee, x7ee",-10.42
"xEL2, x6ee, x7ee",-10.16
"x5ee, x6ee, x7ee",-17.87
