labels,a.6oij-i.5cxv
"x2ee, x3ee, x4ee",6.04
"x2ee, x3ee, xEL2",9.52
"x2ee, x3ee, x5ee",14.41
"x2ee, x3ee, x6ee",-10.56
"x2ee, x3ee, x7ee",9.11
"x2ee, x4ee, xEL2",13.86
"x2ee, x4ee, x5ee",-12.70
"x2ee, x4ee, x6ee",-37.29
"x2ee, x4ee, x7ee",3.71
"x2ee, xEL2, x5ee",-24.79
"x2ee, xEL2, x6ee",-59.96
"x2ee, xEL2, x7ee",-7.63
"x2ee, x5ee, x6ee",4.19
"x2ee, x5ee, x7ee",26.74
"x2ee, x6ee, x7ee",13.11
"x3ee, x4ee, xEL2",7.72
"x3ee, x4ee, x5ee",-19.98
"x3ee, x4ee, x6ee",-23.61
"x3ee, x4ee, x7ee",-0.10
"x3ee, xEL2, x5ee",24.17
"x3ee, xEL2, x6ee",-39.48
"x3ee, xEL2, x7ee",-7.26
"x3ee, x5ee, x6ee",26.70
"x3ee, x5ee, x7ee",31.74
"x3ee, x6ee, x7ee",-6.50
"x4ee, xEL2, x5ee",21.81
"x4ee, xEL2, x6ee",-15.91
"x4ee, xEL2, x7ee",2.96
"x4ee, x5ee, x6ee",27.53
"x4ee, x5ee, x7ee",10.08
"x4ee, x6ee, x7ee",-28.77
"xEL2, x5ee, x6ee",9.09
"xEL2, x5ee, x7ee",-7.24
"xEL2, x6ee, x7ee",-39.44
"x5ee, x6ee, x7ee",-9.80
