labels,a.8e9z,i.4u15,i.5zhp,a.8e9z-i.4u15,a.8e9z-i.5zhp
"x2ee, x3ee, x4ee, x5ee",126.84,148.75,154.89,-21.91,-28.05
"x2ee, x3ee, x4ee, x6ee",167.16,196.78,202.80,-29.62,-35.65
"x2ee, x3ee, x4ee, x7ee",112.98,130.45,136.54,-17.47,-23.55
"x2ee, x3ee, x5ee, x6ee",168.17,174.91,179.68,-6.74,-11.51
"x2ee, x3ee, x5ee, x7ee",147.83,154.09,161.16,-6.26,-13.33
"x2ee, x3ee, x6ee, x7ee",107.46,125.59,130.08,-18.13,-22.62
"x2ee, x4ee, x5ee, x6ee",171.10,185.90,194.97,-14.80,-23.88
"x2ee, x4ee, x5ee, x7ee",150.74,165.03,176.24,-14.29,-25.51
"x2ee, x4ee, x6ee, x7ee",151.44,173.00,181.52,-21.56,-30.08
"x2ee, x5ee, x6ee, x7ee",111.57,106.16,110.48,5.42,1.10
"x3ee, x4ee, x5ee, x6ee",130.59,129.52,135.65,1.06,-5.06
"x3ee, x4ee, x5ee, x7ee",152.86,158.39,166.16,-5.52,-13.29
"x3ee, x4ee, x6ee, x7ee",153.54,167.12,172.17,-13.57,-18.62
"x3ee, x5ee, x6ee, x7ee",154.59,146.06,149.84,8.53,4.75
"x4ee, x5ee, x6ee, x7ee",124.73,124.20,128.60,0.53,-3.87
