labels,a.3sn6
"x2ee, x3ee, x4ee",58.76
"x2ee, x3ee, xEL2",44.15
"x2ee, x3ee, x5ee",83.18
"x2ee, x3ee, x6ee",100.64
"x2ee, x3ee, x7ee",62.76
"x2ee, x4ee, xEL2",51.70
"x2ee, x4ee, x5ee",68.45
"x2ee, x4ee, x6ee",150.52
"x2ee, x4ee, x7ee",96.92
"x2ee, xEL2, x5ee",28.61
"x2ee, xEL2, x6ee",48.41
"x2ee, xEL2, x7ee",35.30
"x2ee, x5ee, x6ee",106.11
"x2ee, x5ee, x7ee",71.62
"x2ee, x6ee, x7ee",12.95
"x3ee, x4ee, xEL2",47.84
"x3ee, x4ee, x5ee",41.01
"x3ee, x4ee, x6ee",103.46
"x3ee, x4ee, x7ee",86.50
"x3ee, xEL2, x5ee",41.53
"x3ee, xEL2, x6ee",10.49
"x3ee, xEL2, x7ee",16.75
"x3ee, x5ee, x6ee",87.22
"x3ee, x5ee, x7ee",88.35
"x3ee, x6ee, x7ee",50.28
"x4ee, xEL2, x5ee",34.57
"x4ee, xEL2, x6ee",58.87
"x4ee, xEL2, x7ee",26.31
"x4ee, x5ee, x6ee",24.79
"x4ee, x5ee, x7ee",43.11
"x4ee, x6ee, x7ee",63.35
"xEL2, x5ee, x6ee",48.85
"xEL2, x5ee, x7ee",32.14
"xEL2, x6ee, x7ee",24.98
"x5ee, x6ee, x7ee",43.27
