labels,i.6wh4
"x2ee, x3ee, x4ee",90.58
"x2ee, x3ee, xEL2",97.18
"x2ee, x3ee, x5ee",148.85
"x2ee, x3ee, x6ee",186.78
"x2ee, x3ee, x7ee",114.95
"x2ee, x4ee, xEL2",90.38
"x2ee, x4ee, x5ee",147.56
"x2ee, x4ee, x6ee",242.29
"x2ee, x4ee, x7ee",171.31
"x2ee, xEL2, x5ee",20.50
"x2ee, xEL2, x6ee",100.60
"x2ee, xEL2, x7ee",94.80
"x2ee, x5ee, x6ee",117.38
"x2ee, x5ee, x7ee",121.94
"x2ee, x6ee, x7ee",64.60
"x3ee, x4ee, xEL2",66.71
"x3ee, x4ee, x5ee",80.77
"x3ee, x4ee, x6ee",141.74
"x3ee, x4ee, x7ee",142.14
"x3ee, xEL2, x5ee",31.28
"x3ee, xEL2, x6ee",25.00
"x3ee, xEL2, x7ee",78.16
"x3ee, x5ee, x6ee",80.95
"x3ee, x5ee, x7ee",155.27
"x3ee, x6ee, x7ee",136.28
"x4ee, xEL2, x5ee",41.36
"x4ee, xEL2, x6ee",55.49
"x4ee, xEL2, x7ee",25.65
"x4ee, x5ee, x6ee",23.00
"x4ee, x5ee, x7ee",98.27
"x4ee, x6ee, x7ee",134.88
"xEL2, x5ee, x6ee",35.43
"xEL2, x5ee, x7ee",46.48
"xEL2, x6ee, x7ee",70.20
"x5ee, x6ee, x7ee",59.51
