labels,a.7jjo
"x2ee, x3ee, x4ee",57.95
"x2ee, x3ee, xEL2",57.90
"x2ee, x3ee, x5ee",104.86
"x2ee, x3ee, x6ee",117.42
"x2ee, x3ee, x7ee",74.33
"x2ee, x4ee, xEL2",63.27
"x2ee, x4ee, x5ee",105.68
"x2ee, x4ee, x6ee",169.13
"x2ee, x4ee, x7ee",128.15
"x2ee, xEL2, x5ee",27.23
"x2ee, xEL2, x6ee",50.41
"x2ee, xEL2, x7ee",56.13
"x2ee, x5ee, x6ee",96.24
"x2ee, x5ee, x7ee",99.43
"x2ee, x6ee, x7ee",49.18
"x3ee, x4ee, xEL2",56.86
"x3ee, x4ee, x5ee",58.09
"x3ee, x4ee, x6ee",107.29
"x3ee, x4ee, x7ee",110.29
"x3ee, xEL2, x5ee",47.37
"x3ee, xEL2, x6ee",9.14
"x3ee, xEL2, x7ee",39.71
"x3ee, x5ee, x6ee",82.18
"x3ee, x5ee, x7ee",129.11
"x3ee, x6ee, x7ee",92.24
"x4ee, xEL2, x5ee",48.32
"x4ee, xEL2, x6ee",58.74
"x4ee, xEL2, x7ee",23.19
"x4ee, x5ee, x6ee",33.59
"x4ee, x5ee, x7ee",76.94
"x4ee, x6ee, x7ee",89.80
"xEL2, x5ee, x6ee",42.36
"xEL2, x5ee, x7ee",46.93
"xEL2, x6ee, x7ee",43.41
"x5ee, x6ee, x7ee",44.48
