labels,i.4u15
"x2ee, x3ee, x4ee",57.11
"x2ee, x3ee, xEL2",90.18
"x2ee, x3ee, x5ee",120.24
"x2ee, x3ee, x6ee",138.02
"x2ee, x3ee, x7ee",68.44
"x2ee, x4ee, xEL2",86.01
"x2ee, x4ee, x5ee",131.92
"x2ee, x4ee, x6ee",198.64
"x2ee, x4ee, x7ee",114.24
"x2ee, xEL2, x5ee",42.13
"x2ee, xEL2, x6ee",117.33
"x2ee, xEL2, x7ee",84.60
"x2ee, x5ee, x6ee",101.81
"x2ee, x5ee, x7ee",84.67
"x2ee, x6ee, x7ee",40.52
"x3ee, x4ee, xEL2",50.27
"x3ee, x4ee, x5ee",68.35
"x3ee, x4ee, x6ee",117.34
"x3ee, x4ee, x7ee",102.41
"x3ee, xEL2, x5ee",16.97
"x3ee, xEL2, x6ee",69.49
"x3ee, xEL2, x7ee",106.34
"x3ee, x5ee, x6ee",84.28
"x3ee, x5ee, x7ee",136.36
"x3ee, x6ee, x7ee",110.05
"x4ee, xEL2, x5ee",18.87
"x4ee, xEL2, x6ee",16.73
"x4ee, xEL2, x7ee",57.20
"x4ee, x5ee, x6ee",35.29
"x4ee, x5ee, x7ee",102.35
"x4ee, x6ee, x7ee",124.47
"xEL2, x5ee, x6ee",22.44
"xEL2, x5ee, x7ee",39.79
"xEL2, x6ee, x7ee",73.19
"x5ee, x6ee, x7ee",56.91
