labels,i.5zkc
"x2ee, x3ee, x4ee",73.90
"x2ee, x3ee, xEL2",106.42
"x2ee, x3ee, x5ee",139.08
"x2ee, x3ee, x6ee",159.38
"x2ee, x3ee, x7ee",80.49
"x2ee, x4ee, xEL2",103.44
"x2ee, x4ee, x5ee",160.48
"x2ee, x4ee, x6ee",231.61
"x2ee, x4ee, x7ee",134.38
"x2ee, xEL2, x5ee",40.45
"x2ee, xEL2, x6ee",130.04
"x2ee, xEL2, x7ee",96.03
"x2ee, x5ee, x6ee",114.34
"x2ee, x5ee, x7ee",98.45
"x2ee, x6ee, x7ee",46.88
"x3ee, x4ee, xEL2",66.62
"x3ee, x4ee, x5ee",94.42
"x3ee, x4ee, x6ee",149.95
"x3ee, x4ee, x7ee",128.05
"x3ee, xEL2, x5ee",21.04
"x3ee, xEL2, x6ee",82.16
"x3ee, xEL2, x7ee",122.62
"x3ee, x5ee, x6ee",94.66
"x3ee, x5ee, x7ee",157.04
"x3ee, x6ee, x7ee",125.73
"x4ee, xEL2, x5ee",17.61
"x4ee, xEL2, x6ee",8.22
"x4ee, xEL2, x7ee",65.75
"x4ee, x5ee, x6ee",45.91
"x4ee, x5ee, x7ee",124.59
"x4ee, x6ee, x7ee",143.40
"xEL2, x5ee, x6ee",23.74
"xEL2, x5ee, x7ee",41.31
"xEL2, x6ee, x7ee",80.32
"x5ee, x6ee, x7ee",62.68
