labels,a.7dfl,i.3rze,a.7dfl-i.3rze
"x2ee, x3ee, x4ee",32.51,38.54,-6.03
"x2ee, x3ee, xEL2",40.51,50.52,-10.01
"x2ee, x3ee, x5ee",87.10,84.41,2.69
"x2ee, x3ee, x6ee",88.93,91.21,-2.28
"x2ee, x3ee, x7ee",45.67,52.40,-6.73
"x2ee, x4ee, xEL2",50.55,60.52,-9.97
"x2ee, x4ee, x5ee",113.29,117.85,-4.56
"x2ee, x4ee, x6ee",140.76,173.15,-32.39
"x2ee, x4ee, x7ee",75.30,111.82,-36.52
"x2ee, xEL2, x5ee",34.00,28.20,5.80
"x2ee, xEL2, x6ee",64.39,92.18,-27.79
"x2ee, xEL2, x7ee",38.27,70.84,-32.57
"x2ee, x5ee, x6ee",82.47,106.68,-24.21
"x2ee, x5ee, x7ee",54.75,90.61,-35.86
"x2ee, x6ee, x7ee",13.62,32.62,-19.00
"x3ee, x4ee, xEL2",31.33,45.71,-14.38
"x3ee, x4ee, x5ee",55.28,71.05,-15.77
"x3ee, x4ee, x6ee",78.52,119.53,-41.01
"x3ee, x4ee, x7ee",54.65,97.00,-42.35
"x3ee, xEL2, x5ee",18.99,7.70,11.29
"x3ee, xEL2, x6ee",17.36,52.20,-34.84
"x3ee, xEL2, x7ee",33.22,69.12,-35.90
"x3ee, x5ee, x6ee",78.12,100.10,-21.98
"x3ee, x5ee, x7ee",90.78,122.42,-31.64
"x3ee, x6ee, x7ee",54.20,71.43,-17.23
"x4ee, xEL2, x5ee",42.90,32.69,10.21
"x4ee, xEL2, x6ee",29.84,21.91,7.93
"x4ee, xEL2, x7ee",14.34,21.05,-6.71
"x4ee, x5ee, x6ee",54.88,51.62,3.26
"x4ee, x5ee, x7ee",91.51,96.64,-5.13
"x4ee, x6ee, x7ee",78.07,93.85,-15.78
"xEL2, x5ee, x6ee",41.82,40.74,1.08
"xEL2, x5ee, x7ee",39.64,46.65,-7.01
"xEL2, x6ee, x7ee",37.74,53.90,-16.16
"x5ee, x6ee, x7ee",41.09,48.38,-7.29
